"1",0.570472792149866,"match","BC"
"2",0.608690807799443,"match","BC"
"3",0.612126616139099,"match","BC"
"4",0.78901540522438,"match","BC"
"5",0.810810810810811,"match","BC"
"6",0.803798882681564,"match","BC"
"7",0.819626272798478,"match","BC"
"8",0.837141577060932,"match","BC"
"9",0.814474568675779,"match","BC"
"10",0.576746785913918,"match","BC"
"11",0.604863900044623,"match","BC"
"12",0.573422668900056,"match","BC"
"13",0.823930287118758,"match","BC"
"14",0.876242600245728,"match","BC"
"15",0.843040804918949,"match","BC"
"16",0.746846746288648,"match","BC"
"17",0.737493036211699,"match","BC"
"18",0.747016174010039,"match","BC"
"19",0.826388113059993,"match","BC"
"20",0.837409268565047,"match","BC"
"21",0.791978549882695,"match","BC"
"22",0.862123080372156,"match","BC"
"23",0.889187976671153,"match","BC"
"24",0.891055817081372,"match","BC"
"25",0.64195741834801,"match","BC"
"26",0.667854756070394,"match","BC"
"27",0.674651810584958,"match","BC"
"28",0.778720553756838,"match","BC"
"29",0.800737183067128,"match","BC"
"30",0.7981897418706,"match","BC"
"31",0.821879539613365,"match","BC"
"32",0.85503355704698,"match","BC"
"33",0.81875139852316,"match","BC"
"34",0.62954722438536,"match","BC"
"35",0.655417406749556,"match","BC"
"36",0.641960217801978,"match","BC"
"37",0.814031554212823,"match","BC"
"38",0.863966886676362,"match","BC"
"39",0.837420221699698,"match","BC"
"40",0.725905292479109,"match","BC"
"41",0.716605494383272,"match","BC"
"42",0.725197639461085,"match","BC"
"43",0.787333854573886,"match","BC"
"44",0.797476833761304,"match","BC"
"45",0.771696637998436,"match","BC"
"46",0.848939242474731,"match","BC"
"47",0.88330740164481,"match","BC"
"48",0.88494002665482,"match","BC"
"49",0.713648528099911,"unmatch","BC"
"50",0.722222222222222,"unmatch","BC"
"51",0.738169642857143,"unmatch","BC"
"52",0.80568878973787,"unmatch","BC"
"53",0.798570790531487,"unmatch","BC"
"54",0.771498771498772,"unmatch","BC"
"55",0.708379888268156,"unmatch","BC"
"56",0.701861969004348,"unmatch","BC"
"57",0.741964285714286,"unmatch","BC"
"58",0.825912286575159,"unmatch","BC"
"59",0.819256945219235,"unmatch","BC"
"60",0.81284198771636,"unmatch","BC"
"61",0.810267857142857,"unmatch","BC"
"62",0.826426024955437,"unmatch","BC"
"63",0.820432745929065,"unmatch","BC"
"64",0.778497264709166,"unmatch","BC"
"65",0.753152549938623,"unmatch","BC"
"66",0.770905437088311,"unmatch","BC"
"67",0.881499665253292,"unmatch","BC"
"68",0.870045774254773,"unmatch","BC"
"69",0.869240209751199,"unmatch","BC"
"70",0.956463496316142,"unmatch","BC"
"71",0.938427216954824,"unmatch","BC"
"72",0.941530908279402,"unmatch","BC"
"73",0.866219988833054,"unmatch","BC"
"74",0.88933601609658,"unmatch","BC"
"75",0.865608228980322,"unmatch","BC"
"76",0.894183445190157,"unmatch","BC"
"77",0.897086728429512,"unmatch","BC"
"78",0.890055865921788,"unmatch","BC"
"79",0.825941235616132,"unmatch","BC"
"80",0.885401541382777,"unmatch","BC"
"81",0.8387926215763,"unmatch","BC"
"82",0.973184357541899,"unmatch","BC"
"83",0.969217042159268,"unmatch","BC"
"84",0.970969182670835,"unmatch","BC"
"85",0.904325472225327,"unmatch","BC"
"86",0.91665735671992,"unmatch","BC"
"87",0.825416340672851,"unmatch","BC"
"88",0.937667560321716,"unmatch","BC"
"89",0.922655638761596,"unmatch","BC"
"90",0.925388138054283,"unmatch","BC"
"91",0.904026845637584,"unmatch","BC"
"92",0.924443947691964,"unmatch","BC"
"93",0.929338103756708,"unmatch","BC"
"94",0.773601789709172,"unmatch","BC"
"95",0.79946284691137,"unmatch","BC"
"96",0.792655620241827,"unmatch","BC"
"97",0.867294328625869,"unmatch","BC"
"98",0.869365842746896,"unmatch","BC"
"99",0.867666815942678,"unmatch","BC"
"100",0.839695511026531,"unmatch","BC"
"101",0.849132624510353,"unmatch","BC"
"102",0.846532989806206,"unmatch","BC"
"103",0.941558441558442,"unmatch","BC"
"104",0.939204291461779,"unmatch","BC"
"105",0.938241217274558,"unmatch","BC"
"106",0.878373838055773,"unmatch","BC"
"107",0.871039964177768,"unmatch","BC"
"108",0.802441482808825,"unmatch","BC"
"109",0.909335124244459,"unmatch","BC"
"110",0.916004031806473,"unmatch","BC"
"111",0.911135982092893,"unmatch","BC"
"112",0.781992636394064,"unmatch","BC"
"113",0.782608695652174,"unmatch","BC"
"114",0.783874205419873,"unmatch","BC"
"115",0.706125181300904,"unmatch","BC"
"116",0.703091862931131,"unmatch","BC"
"117",0.736906756002233,"unmatch","BC"
"118",0.5921875,"unmatch","BC"
"119",0.61903697910848,"unmatch","BC"
"120",0.603307632137669,"unmatch","BC"
"121",0.774899508709245,"unmatch","BC"
"122",0.745702165661978,"unmatch","BC"
"123",0.758435754189944,"unmatch","BC"
"124",0.699385817978783,"unmatch","BC"
"125",0.740497157507524,"unmatch","BC"
"126",0.719450954134583,"unmatch","BC"
"127",0.745531724754245,"unmatch","BC"
"128",0.709468512728897,"unmatch","BC"
"129",0.784182305630027,"unmatch","BC"
"130",0.80417550519147,"unmatch","BC"
"131",0.783735478105451,"unmatch","BC"
"132",0.780308104487609,"unmatch","BC"
"133",0.953784326858674,"unmatch","BC"
"134",0.950697155605131,"unmatch","BC"
"135",0.951796474001339,"unmatch","BC"
"136",0.860236659968743,"unmatch","BC"
"137",0.87513960241233,"unmatch","BC"
"138",0.883351955307263,"unmatch","BC"
"139",0.938358458961474,"unmatch","BC"
"140",0.943661971830986,"unmatch","BC"
"141",0.938282647584973,"unmatch","BC"
"142",0.94586129753915,"unmatch","BC"
"143",0.949101462216765,"unmatch","BC"
"144",0.943240223463687,"unmatch","BC"
"145",0.975642458100559,"unmatch","BC"
"146",0.970555431630605,"unmatch","BC"
"147",0.972755694506476,"unmatch","BC"
"148",0.877053761037219,"unmatch","BC"
"149",0.911294827393587,"unmatch","BC"
"150",0.881300994746843,"unmatch","BC"
"151",0.948614834673816,"unmatch","BC"
"152",0.917737789203085,"unmatch","BC"
"153",0.919580029040545,"unmatch","BC"
"154",0.837180773948924,"unmatch","BC"
"155",0.864497437040339,"unmatch","BC"
"156",0.879835023966113,"unmatch","BC"
"157",0.678153228504517,"unmatch","BC"
"158",0.708802856186545,"unmatch","BC"
"159",0.734345351043643,"unmatch","BC"
"160",0.878848728246319,"unmatch","BC"
"161",0.882970407593523,"unmatch","BC"
"162",0.855467441081202,"unmatch","BC"
"163",0.830372108615488,"unmatch","BC"
"164",0.832292595896521,"unmatch","BC"
"165",0.83413327380288,"unmatch","BC"
"166",0.8265625,"unmatch","BC"
"167",0.872349921892435,"unmatch","BC"
"168",0.868438686620505,"unmatch","BC"
"169",0.844573470299241,"unmatch","BC"
"170",0.889508928571429,"unmatch","BC"
"171",0.871371147833854,"unmatch","BC"
"172",0.865863184912398,"unmatch","BC"
"173",0.857525681107637,"unmatch","BC"
"174",0.858513724615041,"unmatch","BC"
"175",0.941977237223834,"unmatch","BC"
"176",0.931764968223882,"unmatch","BC"
"177",0.935088110640196,"unmatch","BC"
"178",0.793126534255747,"unmatch","BC"
"179",0.805760214333557,"unmatch","BC"
"180",0.817511726602636,"unmatch","BC"
"181",0.88168322357406,"unmatch","BC"
"182",0.902346368715084,"unmatch","BC"
"183",0.880196691998212,"unmatch","BC"
"184",0.913014311270125,"unmatch","BC"
"185",0.914760682807096,"unmatch","BC"
"186",0.912441366986822,"unmatch","BC"
"187",0.762814070351759,"unmatch","BC"
"188",0.823378363291281,"unmatch","BC"
"189",0.798636719186501,"unmatch","BC"
"190",0.947956220683493,"unmatch","BC"
"191",0.946711259754738,"unmatch","BC"
"192",0.9484375,"unmatch","BC"
"193",0.89213934792318,"unmatch","BC"
"194",0.875544631884706,"unmatch","BC"
"195",0.877191023780284,"unmatch","BC"
"196",0.947126694298197,"unmatch","BC"
"197",0.944929482874412,"unmatch","BC"
"198",0.946254618743702,"unmatch","BC"
"199",0.857510921922258,"unmatch","BC"
"200",0.866188501625014,"unmatch","BC"
"201",0.87891019172553,"unmatch","BC"
"202",0.922008068130883,"unmatch","BC"
"203",0.935614133482894,"unmatch","BC"
"204",0.915853248064625,"unmatch","BC"
"205",0.922999214277697,"unmatch","BC"
"206",0.925627240143369,"unmatch","BC"
"207",0.92039466307882,"unmatch","BC"
"208",0.858071748878924,"unmatch","BC"
"209",0.883882537547635,"unmatch","BC"
"210",0.864034103657168,"unmatch","BC"
"211",0.961206413275031,"unmatch","BC"
"212",0.962842753217683,"unmatch","BC"
"213",0.961008403361345,"unmatch","BC"
"214",0.882682817406909,"unmatch","BC"
"215",0.913452914798206,"unmatch","BC"
"216",0.875953342305967,"unmatch","BC"
"217",0.715527811838145,"unmatch","BC"
"218",0.72387643582023,"unmatch","BC"
"219",0.740265536092826,"unmatch","BC"
"220",0.830062444246209,"unmatch","BC"
"221",0.821408639357071,"unmatch","BC"
"222",0.797476833761304,"unmatch","BC"
"223",0.735731039874902,"unmatch","BC"
"224",0.729826125724476,"unmatch","BC"
"225",0.767042284949236,"unmatch","BC"
"226",0.841811691209282,"unmatch","BC"
"227",0.84318536694178,"unmatch","BC"
"228",0.830989060058049,"unmatch","BC"
"229",0.821265201383465,"unmatch","BC"
"230",0.83227530905446,"unmatch","BC"
"231",0.837663061656818,"unmatch","BC"
"232",0.795089285714286,"unmatch","BC"
"233",0.79161088799643,"unmatch","BC"
"234",0.802455357142857,"unmatch","BC"
"235",0.888008923591746,"unmatch","BC"
"236",0.869642857142857,"unmatch","BC"
"237",0.869730091456614,"unmatch","BC"
"238",0.954449034274869,"unmatch","BC"
"239",0.932619366354306,"unmatch","BC"
"240",0.93572145965852,"unmatch","BC"
"241",0.866651775742685,"unmatch","BC"
"242",0.892230296254891,"unmatch","BC"
"243",0.866487755786649,"unmatch","BC"
"244",0.895514039601745,"unmatch","BC"
"245",0.897968296494753,"unmatch","BC"
"246",0.893172421499609,"unmatch","BC"
"247",0.818994413407821,"unmatch","BC"
"248",0.879579982126899,"unmatch","BC"
"249",0.833855098389982,"unmatch","BC"
"250",0.968711587886915,"unmatch","BC"
"251",0.964751812604573,"unmatch","BC"
"252",0.966499162479062,"unmatch","BC"
"253",0.905209031969595,"unmatch","BC"
"254",0.91731843575419,"unmatch","BC"
"255",0.827632461435278,"unmatch","BC"
"256",0.928276170260306,"unmatch","BC"
"257",0.919293539011849,"unmatch","BC"
"258",0.922475424486148,"unmatch","BC"
"259",0.91130473637176,"unmatch","BC"
"260",0.930572608550061,"unmatch","BC"
"261",0.935015631978562,"unmatch","BC"
"262",0.781054512957998,"unmatch","BC"
"263",0.804425569959768,"unmatch","BC"
"264",0.79628801431127,"unmatch","BC"
"265",0.886501007387508,"unmatch","BC"
"266",0.891656428012957,"unmatch","BC"
"267",0.886404293381038,"unmatch","BC"
"268",0.842370039128004,"unmatch","BC"
"269",0.859394210349838,"unmatch","BC"
"270",0.849871350262893,"unmatch","BC"
"271",0.962880143112701,"unmatch","BC"
"272",0.960714285714286,"unmatch","BC"
"273",0.960446927374302,"unmatch","BC"
"274",0.900234873056705,"unmatch","BC"
"275",0.894466182224707,"unmatch","BC"
"276",0.810535734257913,"unmatch","BC"
"277",0.931365973619495,"unmatch","BC"
"278",0.939156693882116,"unmatch","BC"
"279",0.935397339890466,"unmatch","BC"
"280",0.814588653269679,"unmatch","BC"
"281",0.815398269358775,"unmatch","BC"
"282",0.816668516257907,"unmatch","BC"
"283",0.742644609747974,"unmatch","BC"
"284",0.742530267688548,"unmatch","BC"
"285",0.776197355261696,"unmatch","BC"
"286",0.63771657041315,"unmatch","BC"
"287",0.637798777098388,"unmatch","BC"
"288",0.642388524407873,"unmatch","BC"
"289",0.793111111111111,"unmatch","BC"
"290",0.765829815596534,"unmatch","BC"
"291",0.77762953079831,"unmatch","BC"
"292",0.714634959439938,"unmatch","BC"
"293",0.751303383250139,"unmatch","BC"
"294",0.731482509716824,"unmatch","BC"
"295",0.776789684304135,"unmatch","BC"
"296",0.744444444444444,"unmatch","BC"
"297",0.818363717207648,"unmatch","BC"
"298",0.832018664592823,"unmatch","BC"
"299",0.803468208092486,"unmatch","BC"
"300",0.798044878915796,"unmatch","BC"
"301",0.951475849731664,"unmatch","BC"
"302",0.950396603731427,"unmatch","BC"
"303",0.951274027715691,"unmatch","BC"
"304",0.860912343470483,"unmatch","BC"
"305",0.870246085011186,"unmatch","BC"
"306",0.87958818263205,"unmatch","BC"
"307",0.933788166871715,"unmatch","BC"
"308",0.936856247201075,"unmatch","BC"
"309",0.931243001119821,"unmatch","BC"
"310",0.941519157517365,"unmatch","BC"
"311",0.945667970933482,"unmatch","BC"
"312",0.939570277529096,"unmatch","BC"
"313",0.968442256042972,"unmatch","BC"
"314",0.962913315460232,"unmatch","BC"
"315",0.966003131290539,"unmatch","BC"
"316",0.867457740960484,"unmatch","BC"
"317",0.901085375405617,"unmatch","BC"
"318",0.875069965297213,"unmatch","BC"
"319",0.946520474379056,"unmatch","BC"
"320",0.922086645024068,"unmatch","BC"
"321",0.923705112428683,"unmatch","BC"
"322",0.833017922742959,"unmatch","BC"
"323",0.850500556173526,"unmatch","BC"
"324",0.86669633915656,"unmatch","BC"
"325",0.654681064232439,"unmatch","BC"
"326",0.688384007127743,"unmatch","BC"
"327",0.715431754874652,"unmatch","BC"
"328",0.857906458797327,"unmatch","BC"
"329",0.860439192955077,"unmatch","BC"
"330",0.838109042256662,"unmatch","BC"
"331",0.807919687674289,"unmatch","BC"
"332",0.809884238646483,"unmatch","BC"
"333",0.814150417827298,"unmatch","BC"
"334",0.821969696969697,"unmatch","BC"
"335",0.853642236578303,"unmatch","BC"
"336",0.855518394648829,"unmatch","BC"
"337",0.833481943825234,"unmatch","BC"
"338",0.862967914438503,"unmatch","BC"
"339",0.874275523851984,"unmatch","BC"
"340",0.858972930823215,"unmatch","BC"
"341",0.838609005795809,"unmatch","BC"
"342",0.838939630207173,"unmatch","BC"
"343",0.931057563587684,"unmatch","BC"
"344",0.920856091851522,"unmatch","BC"
"345",0.924620874219447,"unmatch","BC"
"346",0.773984828201696,"unmatch","BC"
"347",0.786830357142857,"unmatch","BC"
"348",0.808396605627512,"unmatch","BC"
"349",0.862515344269613,"unmatch","BC"
"350",0.883154602323503,"unmatch","BC"
"351",0.860558659217877,"unmatch","BC"
"352",0.89358372456964,"unmatch","BC"
"353",0.893363078639152,"unmatch","BC"
"354",0.893702545779366,"unmatch","BC"
"355",0.730043541364296,"unmatch","BC"
"356",0.780332626409197,"unmatch","BC"
"357",0.757122109261535,"unmatch","BC"
"358",0.923626619026351,"unmatch","BC"
"359",0.921087828800713,"unmatch","BC"
"360",0.923900914974336,"unmatch","BC"
"361",0.860459924090199,"unmatch","BC"
"362",0.843404445437284,"unmatch","BC"
"363",0.84574171224467,"unmatch","BC"
"364",0.949383949383949,"unmatch","BC"
"365",0.946761313220941,"unmatch","BC"
"366",0.947631199378675,"unmatch","BC"
"367",0.849483849483849,"unmatch","BC"
"368",0.856968350916158,"unmatch","BC"
"369",0.871125430507721,"unmatch","BC"
"370",0.909393737508328,"unmatch","BC"
"371",0.921973991330443,"unmatch","BC"
"372",0.902834908282379,"unmatch","BC"
"373",0.908575241908575,"unmatch","BC"
"374",0.91165371809101,"unmatch","BC"
"375",0.907121430952116,"unmatch","BC"
"376",0.862475005554321,"unmatch","BC"
"377",0.876721457130164,"unmatch","BC"
"378",0.86016007114273,"unmatch","BC"
"379",0.953782913009666,"unmatch","BC"
"380",0.955861151158922,"unmatch","BC"
"381",0.953813700455202,"unmatch","BC"
"382",0.877972882862858,"unmatch","BC"
"383",0.902910464341258,"unmatch","BC"
"384",0.865525672371638,"unmatch","BC"
"385",0.726498153933542,"match","J"
"386",0.756753012882671,"match","J"
"387",0.759402654867257,"match","J"
"388",0.882066641707226,"match","J"
"389",0.895522388059701,"match","J"
"390",0.891228939544103,"match","J"
"391",0.90087320132825,"match","J"
"392",0.911352274112913,"match","J"
"393",0.897752531489257,"match","J"
"394",0.731565513329552,"match","J"
"395",0.753788405394133,"match","J"
"396",0.72888573456352,"match","J"
"397",0.903466862673037,"match","J"
"398",0.934039766638886,"match","J"
"399",0.914836831250758,"match","J"
"400",0.855079872204473,"match","J"
"401",0.848916249839682,"match","J"
"402",0.855190907930022,"match","J"
"403",0.904942500611696,"match","J"
"404",0.911510878813662,"match","J"
"405",0.883915211970075,"match","J"
"406",0.925957139417289,"match","J"
"407",0.941344098788886,"match","J"
"408",0.942389758179232,"match","J"
"409",0.78194161575017,"match","J"
"410",0.800854815012689,"match","J"
"411",0.805721889554225,"match","J"
"412",0.875596284207883,"match","J"
"413",0.88934375387669,"match","J"
"414",0.887770320656227,"match","J"
"415",0.902232580961727,"match","J"
"416",0.921852387843705,"match","J"
"417",0.900344488188976,"match","J"
"418",0.772665210267613,"match","J"
"419",0.791845493562232,"match","J"
"420",0.781943692474283,"match","J"
"421",0.897483345669874,"match","J"
"422",0.927019565478334,"match","J"
"423",0.911517367458867,"match","J"
"424",0.841187863137508,"match","J"
"425",0.834909939095503,"match","J"
"426",0.840712533884084,"match","J"
"427",0.881014873140857,"match","J"
"428",0.887329192546584,"match","J"
"429",0.871138570167696,"match","J"
"430",0.918298690376066,"match","J"
"431",0.938038475156379,"match","J"
"432",0.938958284232854,"match","J"
"433",0.832899531494014,"unmatch","J"
"434",0.838709677419355,"unmatch","J"
"435",0.849364325157314,"unmatch","J"
"436",0.892389424264888,"unmatch","J"
"437",0.888005959771542,"unmatch","J"
"438",0.871012482662968,"unmatch","J"
"439",0.829300196206671,"unmatch","J"
"440",0.824816561844864,"unmatch","J"
"441",0.85187083546899,"unmatch","J"
"442",0.904657132379905,"unmatch","J"
"443",0.900650067459831,"unmatch","J"
"444",0.896759886657632,"unmatch","J"
"445",0.895191122071517,"unmatch","J"
"446",0.90496523118214,"unmatch","J"
"447",0.901360127435363,"unmatch","J"
"448",0.875455116133082,"unmatch","J"
"449",0.85919796308084,"unmatch","J"
"450",0.870634220148783,"unmatch","J"
"451",0.937018147313486,"unmatch","J"
"452",0.930507462686567,"unmatch","J"
"453",0.930046556046317,"unmatch","J"
"454",0.977747346799041,"unmatch","J"
"455",0.968235700310738,"unmatch","J"
"456",0.969885057471264,"unmatch","J"
"457",0.928314983245572,"unmatch","J"
"458",0.941427050053248,"unmatch","J"
"459",0.927963562267769,"unmatch","J"
"460",0.944136057635526,"unmatch","J"
"461",0.945751941633326,"unmatch","J"
"462",0.941830219910144,"unmatch","J"
"463",0.904674498286833,"unmatch","J"
"464",0.939218009478673,"unmatch","J"
"465",0.912329766536965,"unmatch","J"
"466",0.986409966024915,"unmatch","J"
"467",0.984367920253738,"unmatch","J"
"468",0.98527079084523,"unmatch","J"
"469",0.949759361427398,"unmatch","J"
"470",0.956516670552576,"unmatch","J"
"471",0.904359539554249,"unmatch","J"
"472",0.967831200276721,"unmatch","J"
"473",0.959772119520986,"unmatch","J"
"474",0.961248404687319,"unmatch","J"
"475",0.949594642227705,"unmatch","J"
"476",0.960738761760948,"unmatch","J"
"477",0.963375057950858,"unmatch","J"
"478",0.872351160443996,"unmatch","J"
"479",0.888557213930348,"unmatch","J"
"480",0.88433674743942,"unmatch","J"
"481",0.928931572629052,"unmatch","J"
"482",0.93011846356348,"unmatch","J"
"483",0.929145186428486,"unmatch","J"
"484",0.912863575514178,"unmatch","J"
"485",0.918411814550297,"unmatch","J"
"486",0.916889104586265,"unmatch","J"
"487",0.969899665551839,"unmatch","J"
"488",0.968649147072384,"unmatch","J"
"489",0.968136688986377,"unmatch","J"
"490",0.935249224898641,"unmatch","J"
"491",0.931075744884528,"unmatch","J"
"492",0.890393935628184,"unmatch","J"
"493",0.952514948997538,"unmatch","J"
"494",0.95616086041618,"unmatch","J"
"495",0.953501991098618,"unmatch","J"
"496",0.877660906586527,"unmatch","J"
"497",0.878048780487805,"unmatch","J"
"498",0.878844711177794,"unmatch","J"
"499",0.827753073502485,"unmatch","J"
"500",0.825665224800105,"unmatch","J"
"501",0.848527709913849,"unmatch","J"
"502",0.743866535819431,"unmatch","J"
"503",0.764697764283743,"unmatch","J"
"504",0.752578756621132,"unmatch","J"
"505",0.873175641670861,"unmatch","J"
"506",0.854329198107175,"unmatch","J"
"507",0.862625492438683,"unmatch","J"
"508",0.823104218688395,"unmatch","J"
"509",0.850903035737159,"unmatch","J"
"510",0.83683800623053,"unmatch","J"
"511",0.854217330090874,"unmatch","J"
"512",0.83004572175049,"unmatch","J"
"513",0.879038317054846,"unmatch","J"
"514",0.891460396039604,"unmatch","J"
"515",0.87875751503006,"unmatch","J"
"516",0.876598946576373,"unmatch","J"
"517",0.976345560507371,"unmatch","J"
"518",0.974725526075023,"unmatch","J"
"519",0.975302995655157,"unmatch","J"
"520",0.92486797887662,"unmatch","J"
"521",0.933412745681954,"unmatch","J"
"522",0.938063597532036,"unmatch","J"
"523",0.968199101278949,"unmatch","J"
"524",0.971014492753623,"unmatch","J"
"525",0.968158744808491,"unmatch","J"
"526",0.972177512071741,"unmatch","J"
"527",0.973886152788913,"unmatch","J"
"528",0.970791168353266,"unmatch","J"
"529",0.987671077932361,"unmatch","J"
"530",0.985057731491963,"unmatch","J"
"531",0.986189721530451,"unmatch","J"
"532",0.934500416815529,"unmatch","J"
"533",0.953588964227262,"unmatch","J"
"534",0.936905893536122,"unmatch","J"
"535",0.973629901398762,"unmatch","J"
"536",0.957104557640751,"unmatch","J"
"537",0.958105434656116,"unmatch","J"
"538",0.911375500789122,"unmatch","J"
"539",0.927324886445135,"unmatch","J"
"540",0.936076850094877,"unmatch","J"
"541",0.808213716108453,"unmatch","J"
"542",0.829589971271873,"unmatch","J"
"543",0.846827133479212,"unmatch","J"
"544",0.935518346989669,"unmatch","J"
"545",0.937848416557941,"unmatch","J"
"546",0.922104502769083,"unmatch","J"
"547",0.907326007326007,"unmatch","J"
"548",0.908471275559883,"unmatch","J"
"549",0.909566699123661,"unmatch","J"
"550",0.905047048759623,"unmatch","J"
"551",0.931823599523242,"unmatch","J"
"552",0.929587567244471,"unmatch","J"
"553",0.915738498789346,"unmatch","J"
"554",0.941523922031896,"unmatch","J"
"555",0.93126491646778,"unmatch","J"
"556",0.92811004784689,"unmatch","J"
"557",0.923298869920654,"unmatch","J"
"558",0.923871277617675,"unmatch","J"
"559",0.970121811077913,"unmatch","J"
"560",0.964677363499942,"unmatch","J"
"561",0.966455331412104,"unmatch","J"
"562",0.88462974486621,"unmatch","J"
"563",0.892433234421365,"unmatch","J"
"564",0.899594445127197,"unmatch","J"
"565",0.937121841262309,"unmatch","J"
"566",0.948666744978268,"unmatch","J"
"567",0.936281502615312,"unmatch","J"
"568",0.954529514903565,"unmatch","J"
"569",0.955483043934273,"unmatch","J"
"570",0.954216304601729,"unmatch","J"
"571",0.865450399087799,"unmatch","J"
"572",0.90313494979182,"unmatch","J"
"573",0.888046719681909,"unmatch","J"
"574",0.973282880403623,"unmatch","J"
"575",0.972626274195396,"unmatch","J"
"576",0.973536487570168,"unmatch","J"
"577",0.942995397143869,"unmatch","J"
"578",0.933643078389326,"unmatch","J"
"579",0.934578327584156,"unmatch","J"
"580",0.972845472327695,"unmatch","J"
"581",0.971685082872928,"unmatch","J"
"582",0.972385226095961,"unmatch","J"
"583",0.92329031479918,"unmatch","J"
"584",0.92829690127312,"unmatch","J"
"585",0.935553168635875,"unmatch","J"
"586",0.959421641791045,"unmatch","J"
"587",0.966736207695874,"unmatch","J"
"588",0.956078706957133,"unmatch","J"
"589",0.959957973383143,"unmatch","J"
"590",0.961377384830154,"unmatch","J"
"591",0.958547407753386,"unmatch","J"
"592",0.923615301073971,"unmatch","J"
"593",0.938362684435983,"unmatch","J"
"594",0.927058257101589,"unmatch","J"
"595",0.98021952892751,"unmatch","J"
"596",0.981069677272209,"unmatch","J"
"597",0.980116558107645,"unmatch","J"
"598",0.937686167043965,"unmatch","J"
"599",0.95476915865948,"unmatch","J"
"600",0.933875403563315,"unmatch","J"
"601",0.83417803768681,"unmatch","J"
"602",0.839824039332384,"unmatch","J"
"603",0.850750096166175,"unmatch","J"
"604",0.907141116256398,"unmatch","J"
"605",0.901948768231401,"unmatch","J"
"606",0.887329192546584,"unmatch","J"
"607",0.847747747747748,"unmatch","J"
"608",0.843814432989691,"unmatch","J"
"609",0.868165172370249,"unmatch","J"
"610",0.914112658994549,"unmatch","J"
"611",0.914921941183589,"unmatch","J"
"612",0.907694183636142,"unmatch","J"
"613",0.901862288654741,"unmatch","J"
"614",0.908460977388767,"unmatch","J"
"615",0.9116612061643,"unmatch","J"
"616",0.885849291221089,"unmatch","J"
"617",0.883686176836862,"unmatch","J"
"618",0.890402476780186,"unmatch","J"
"619",0.940682972941037,"unmatch","J"
"620",0.930276981852913,"unmatch","J"
"621",0.930326890956812,"unmatch","J"
"622",0.976693705015423,"unmatch","J"
"623",0.965135072731471,"unmatch","J"
"624",0.966793497059841,"unmatch","J"
"625",0.928562881416776,"unmatch","J"
"626",0.943046201110717,"unmatch","J"
"627",0.928468727534148,"unmatch","J"
"628",0.944877242681775,"unmatch","J"
"629",0.946241618633102,"unmatch","J"
"630",0.943572187463109,"unmatch","J"
"631",0.9004914004914,"unmatch","J"
"632",0.935932485439201,"unmatch","J"
"633",0.909401292525302,"unmatch","J"
"634",0.984107163128618,"unmatch","J"
"635",0.982059725218576,"unmatch","J"
"636",0.982964224872232,"unmatch","J"
"637",0.950246421027928,"unmatch","J"
"638",0.956876456876457,"unmatch","J"
"639",0.905688073394495,"unmatch","J"
"640",0.962804171494786,"unmatch","J"
"641",0.957949912638323,"unmatch","J"
"642",0.959674607786171,"unmatch","J"
"643",0.953594389246055,"unmatch","J"
"644",0.964037927844588,"unmatch","J"
"645",0.966416618580496,"unmatch","J"
"646",0.877069744104365,"unmatch","J"
"647",0.891614022048805,"unmatch","J"
"648",0.886592804680692,"unmatch","J"
"649",0.939836240655037,"unmatch","J"
"650",0.942725555030704,"unmatch","J"
"651",0.939781887150308,"unmatch","J"
"652",0.914441747572815,"unmatch","J"
"653",0.924380860783842,"unmatch","J"
"654",0.918843734881471,"unmatch","J"
"655",0.981089086352244,"unmatch","J"
"656",0.979963570127505,"unmatch","J"
"657",0.979824461415707,"unmatch","J"
"658",0.947498528546204,"unmatch","J"
"659",0.944293638616783,"unmatch","J"
"660",0.895354583642204,"unmatch","J"
"661",0.964463479569394,"unmatch","J"
"662",0.968623832045219,"unmatch","J"
"663",0.966620466620467,"unmatch","J"
"664",0.897821830641214,"unmatch","J"
"665",0.898313370813982,"unmatch","J"
"666",0.899083689676237,"unmatch","J"
"667",0.852319062181447,"unmatch","J"
"668",0.852243753187149,"unmatch","J"
"669",0.873998998998999,"unmatch","J"
"670",0.778787467787875,"unmatch","J"
"671",0.778848764594081,"unmatch","J"
"672",0.782261340555179,"unmatch","J"
"673",0.884620151195935,"unmatch","J"
"674",0.867388022143936,"unmatch","J"
"675",0.874906179634726,"unmatch","J"
"676",0.833570965651329,"unmatch","J"
"677",0.85799341271852,"unmatch","J"
"678",0.844920472036942,"unmatch","J"
"679",0.874374374374374,"unmatch","J"
"680",0.853503184713376,"unmatch","J"
"681",0.900110037901944,"unmatch","J"
"682",0.908308065494239,"unmatch","J"
"683",0.891025641025641,"unmatch","J"
"684",0.887680711726183,"unmatch","J"
"685",0.975134639624155,"unmatch","J"
"686",0.974567533508993,"unmatch","J"
"687",0.975028636884307,"unmatch","J"
"688",0.925258351357847,"unmatch","J"
"689",0.930622009569378,"unmatch","J"
"690",0.935937127887592,"unmatch","J"
"691",0.96576055523424,"unmatch","J"
"692",0.967398843930636,"unmatch","J"
"693",0.964397541458889,"unmatch","J"
"694",0.969878822850548,"unmatch","J"
"695",0.972075384968973,"unmatch","J"
"696",0.968843757212093,"unmatch","J"
"697",0.983968163729392,"unmatch","J"
"698",0.981106305486,"unmatch","J"
"699",0.982707622298066,"unmatch","J"
"700",0.929025296727011,"unmatch","J"
"701",0.947969393761036,"unmatch","J"
"702",0.933373134328358,"unmatch","J"
"703",0.972525577652604,"unmatch","J"
"704",0.959464181712289,"unmatch","J"
"705",0.960339613863689,"unmatch","J"
"706",0.908903194461314,"unmatch","J"
"707",0.919211348881943,"unmatch","J"
"708",0.92858845970434,"unmatch","J"
"709",0.791307857911733,"unmatch","J"
"710",0.815435356200528,"unmatch","J"
"711",0.834112756560145,"unmatch","J"
"712",0.923519539678734,"unmatch","J"
"713",0.924985020970641,"unmatch","J"
"714",0.911925269925998,"unmatch","J"
"715",0.893756169792695,"unmatch","J"
"716",0.894956949569496,"unmatch","J"
"717",0.897555582852229,"unmatch","J"
"718",0.902286902286902,"unmatch","J"
"719",0.921043143852902,"unmatch","J"
"720",0.922134102379236,"unmatch","J"
"721",0.909179331306991,"unmatch","J"
"722",0.926444205238608,"unmatch","J"
"723",0.932921027592769,"unmatch","J"
"724",0.924137104506232,"unmatch","J"
"725",0.912221144519884,"unmatch","J"
"726",0.912416717141127,"unmatch","J"
"727",0.964298093587522,"unmatch","J"
"728",0.958797585886722,"unmatch","J"
"729",0.960834298957126,"unmatch","J"
"730",0.872594642183373,"unmatch","J"
"731",0.880699562773267,"unmatch","J"
"732",0.894047913064954,"unmatch","J"
"733",0.926183343319353,"unmatch","J"
"734",0.937952307509788,"unmatch","J"
"735",0.925054047561854,"unmatch","J"
"736",0.943801652892562,"unmatch","J"
"737",0.943678567220455,"unmatch","J"
"738",0.943867924528302,"unmatch","J"
"739",0.843959731543624,"unmatch","J"
"740",0.876614420062696,"unmatch","J"
"741",0.86177517802645,"unmatch","J"
"742",0.960297190619921,"unmatch","J"
"743",0.958923184033418,"unmatch","J"
"744",0.960445423964737,"unmatch","J"
"745",0.924996999879995,"unmatch","J"
"746",0.915050896752302,"unmatch","J"
"747",0.916424770198355,"unmatch","J"
"748",0.974034847967202,"unmatch","J"
"749",0.972652689152233,"unmatch","J"
"750",0.973111541528996,"unmatch","J"
"751",0.91861721281959,"unmatch","J"
"752",0.922975720607583,"unmatch","J"
"753",0.93112456952856,"unmatch","J"
"754",0.952547103977669,"unmatch","J"
"755",0.95940319222762,"unmatch","J"
"756",0.948936667445665,"unmatch","J"
"757",0.952097902097902,"unmatch","J"
"758",0.953785415699025,"unmatch","J"
"759",0.951299079575906,"unmatch","J"
"760",0.926160085888107,"unmatch","J"
"761",0.934311752870162,"unmatch","J"
"762",0.924823712202701,"unmatch","J"
"763",0.976344819742977,"unmatch","J"
"764",0.977432524381946,"unmatch","J"
"765",0.976360950107967,"unmatch","J"
"766",0.935021896082377,"unmatch","J"
"767",0.948978400467017,"unmatch","J"
"768",0.927916120576671,"unmatch","J"
"769",0.51512521021948,"match","uwUF"
"770",0.502049584682808,"match","uwUF"
"771",0.479038135433666,"match","uwUF"
"772",0.60651206198452,"match","uwUF"
"773",0.605097130420989,"match","uwUF"
"774",0.60986750105207,"match","uwUF"
"775",0.623004803679482,"match","uwUF"
"776",0.6369390330972,"match","uwUF"
"777",0.608770175582524,"match","uwUF"
"778",0.568659149236337,"match","uwUF"
"779",0.525618756376014,"match","uwUF"
"780",0.559205384192019,"match","uwUF"
"781",0.584619448396505,"match","uwUF"
"782",0.577111280273658,"match","uwUF"
"783",0.598892145514804,"match","uwUF"
"784",0.429802207567538,"match","uwUF"
"785",0.411345108089823,"match","uwUF"
"786",0.432035993885044,"match","uwUF"
"787",0.542434380875426,"match","uwUF"
"788",0.593749983909373,"match","uwUF"
"789",0.556604700186619,"match","uwUF"
"790",0.676564577881201,"match","uwUF"
"791",0.702719047853546,"match","uwUF"
"792",0.703124024956676,"match","uwUF"
"793",0.527973179496043,"match","uwUF"
"794",0.515198592194066,"match","uwUF"
"795",0.492585265524155,"match","uwUF"
"796",0.645348036205175,"match","uwUF"
"797",0.644033225969021,"match","uwUF"
"798",0.647287242948282,"match","uwUF"
"799",0.640776580450355,"match","uwUF"
"800",0.662996214846814,"match","uwUF"
"801",0.625136363377648,"match","uwUF"
"802",0.613780738328958,"match","uwUF"
"803",0.604120608323436,"match","uwUF"
"804",0.614415539704897,"match","uwUF"
"805",0.570825883978223,"match","uwUF"
"806",0.567968254087493,"match","uwUF"
"807",0.578631350279454,"match","uwUF"
"808",0.462548683698585,"match","uwUF"
"809",0.416397172978507,"match","uwUF"
"810",0.4745017254244,"match","uwUF"
"811",0.506517415304895,"match","uwUF"
"812",0.567419071621449,"match","uwUF"
"813",0.552591711301874,"match","uwUF"
"814",0.691563076767747,"match","uwUF"
"815",0.715157909992329,"match","uwUF"
"816",0.716249229452956,"match","uwUF"
"817",0.69450788870977,"unmatch","uwUF"
"818",0.687511898705287,"unmatch","uwUF"
"819",0.695246573452206,"unmatch","uwUF"
"820",0.725222351004165,"unmatch","uwUF"
"821",0.711891444748686,"unmatch","uwUF"
"822",0.710524918239123,"unmatch","uwUF"
"823",0.664825814439349,"unmatch","uwUF"
"824",0.644502796546092,"unmatch","uwUF"
"825",0.630503028192591,"unmatch","uwUF"
"826",0.727974094361906,"unmatch","uwUF"
"827",0.719985829770711,"unmatch","uwUF"
"828",0.716213591267908,"unmatch","uwUF"
"829",0.672360997275375,"unmatch","uwUF"
"830",0.651614174210955,"unmatch","uwUF"
"831",0.64355259008536,"unmatch","uwUF"
"832",0.650168753471581,"unmatch","uwUF"
"833",0.647338608813374,"unmatch","uwUF"
"834",0.689711044782625,"unmatch","uwUF"
"835",0.712826993098363,"unmatch","uwUF"
"836",0.749464374697067,"unmatch","uwUF"
"837",0.723984807974954,"unmatch","uwUF"
"838",0.78554216600592,"unmatch","uwUF"
"839",0.785169063337275,"unmatch","uwUF"
"840",0.777430478265668,"unmatch","uwUF"
"841",0.709319872651879,"unmatch","uwUF"
"842",0.726014763465994,"unmatch","uwUF"
"843",0.694890816520151,"unmatch","uwUF"
"844",0.739208288231048,"unmatch","uwUF"
"845",0.742654076667129,"unmatch","uwUF"
"846",0.743063469457294,"unmatch","uwUF"
"847",0.667300984253432,"unmatch","uwUF"
"848",0.673951683036367,"unmatch","uwUF"
"849",0.691150581303666,"unmatch","uwUF"
"850",0.748951172931292,"unmatch","uwUF"
"851",0.73691502585609,"unmatch","uwUF"
"852",0.741277928239209,"unmatch","uwUF"
"853",0.667447399370209,"unmatch","uwUF"
"854",0.717047454695289,"unmatch","uwUF"
"855",0.686283233921868,"unmatch","uwUF"
"856",0.733109577524129,"unmatch","uwUF"
"857",0.752933043533403,"unmatch","uwUF"
"858",0.752265164271488,"unmatch","uwUF"
"859",0.802727153254801,"unmatch","uwUF"
"860",0.802556630897507,"unmatch","uwUF"
"861",0.794323844504605,"unmatch","uwUF"
"862",0.706127348388289,"unmatch","uwUF"
"863",0.697928732300559,"unmatch","uwUF"
"864",0.715478564710627,"unmatch","uwUF"
"865",0.713869067929758,"unmatch","uwUF"
"866",0.709312825132318,"unmatch","uwUF"
"867",0.708979842636326,"unmatch","uwUF"
"868",0.651706785227394,"unmatch","uwUF"
"869",0.647001692921079,"unmatch","uwUF"
"870",0.665822977663895,"unmatch","uwUF"
"871",0.705291933276727,"unmatch","uwUF"
"872",0.706762378125062,"unmatch","uwUF"
"873",0.700249142621609,"unmatch","uwUF"
"874",0.70418764327554,"unmatch","uwUF"
"875",0.727806950497112,"unmatch","uwUF"
"876",0.694243469907963,"unmatch","uwUF"
"877",0.692417806478154,"unmatch","uwUF"
"878",0.691954724804381,"unmatch","uwUF"
"879",0.686070111673858,"unmatch","uwUF"
"880",0.757654063006009,"unmatch","uwUF"
"881",0.752898829825945,"unmatch","uwUF"
"882",0.748502470603739,"unmatch","uwUF"
"883",0.71182692035436,"unmatch","uwUF"
"884",0.708113953181472,"unmatch","uwUF"
"885",0.70631199975785,"unmatch","uwUF"
"886",0.705369930219239,"unmatch","uwUF"
"887",0.687490833932383,"unmatch","uwUF"
"888",0.681735283766199,"unmatch","uwUF"
"889",0.670445533008393,"unmatch","uwUF"
"890",0.645408033817247,"unmatch","uwUF"
"891",0.673680769096742,"unmatch","uwUF"
"892",0.676725127500717,"unmatch","uwUF"
"893",0.641124657970722,"unmatch","uwUF"
"894",0.668861097114996,"unmatch","uwUF"
"895",0.695630031755486,"unmatch","uwUF"
"896",0.719991851411818,"unmatch","uwUF"
"897",0.692188762351482,"unmatch","uwUF"
"898",0.699562550699682,"unmatch","uwUF"
"899",0.695311819955639,"unmatch","uwUF"
"900",0.69969016917818,"unmatch","uwUF"
"901",0.815439814627571,"unmatch","uwUF"
"902",0.807423614198085,"unmatch","uwUF"
"903",0.811817303160998,"unmatch","uwUF"
"904",0.72695955376722,"unmatch","uwUF"
"905",0.723618828105056,"unmatch","uwUF"
"906",0.724949061933262,"unmatch","uwUF"
"907",0.720928617954858,"unmatch","uwUF"
"908",0.714350286187381,"unmatch","uwUF"
"909",0.704319183142909,"unmatch","uwUF"
"910",0.738858417154835,"unmatch","uwUF"
"911",0.736052446910909,"unmatch","uwUF"
"912",0.737899672405853,"unmatch","uwUF"
"913",0.737272307168337,"unmatch","uwUF"
"914",0.718791331047756,"unmatch","uwUF"
"915",0.727051088249533,"unmatch","uwUF"
"916",0.692677520735859,"unmatch","uwUF"
"917",0.7248945409455,"unmatch","uwUF"
"918",0.697869416172979,"unmatch","uwUF"
"919",0.734678745274915,"unmatch","uwUF"
"920",0.734782891528731,"unmatch","uwUF"
"921",0.725853241666649,"unmatch","uwUF"
"922",0.679862795410884,"unmatch","uwUF"
"923",0.686120647156511,"unmatch","uwUF"
"924",0.674959338789192,"unmatch","uwUF"
"925",0.682150676899789,"unmatch","uwUF"
"926",0.672255341284946,"unmatch","uwUF"
"927",0.650324503267247,"unmatch","uwUF"
"928",0.668435954834329,"unmatch","uwUF"
"929",0.655686148142882,"unmatch","uwUF"
"930",0.638885337595003,"unmatch","uwUF"
"931",0.636233429992525,"unmatch","uwUF"
"932",0.587395282847711,"unmatch","uwUF"
"933",0.599542425469176,"unmatch","uwUF"
"934",0.613171048653967,"unmatch","uwUF"
"935",0.597129909188132,"unmatch","uwUF"
"936",0.61222225821687,"unmatch","uwUF"
"937",0.629349930913334,"unmatch","uwUF"
"938",0.697412881104781,"unmatch","uwUF"
"939",0.661026015456532,"unmatch","uwUF"
"940",0.645121680278233,"unmatch","uwUF"
"941",0.61049010515377,"unmatch","uwUF"
"942",0.620774050137521,"unmatch","uwUF"
"943",0.762057239620935,"unmatch","uwUF"
"944",0.762065726582416,"unmatch","uwUF"
"945",0.757913241460763,"unmatch","uwUF"
"946",0.680411252385702,"unmatch","uwUF"
"947",0.684551561166178,"unmatch","uwUF"
"948",0.680912809447637,"unmatch","uwUF"
"949",0.674133280038131,"unmatch","uwUF"
"950",0.666137123740519,"unmatch","uwUF"
"951",0.659981938251949,"unmatch","uwUF"
"952",0.715847393487802,"unmatch","uwUF"
"953",0.721340271106652,"unmatch","uwUF"
"954",0.713032119671921,"unmatch","uwUF"
"955",0.633689553315625,"unmatch","uwUF"
"956",0.631727411799621,"unmatch","uwUF"
"957",0.654890701616972,"unmatch","uwUF"
"958",0.712631868369437,"unmatch","uwUF"
"959",0.719496059826439,"unmatch","uwUF"
"960",0.72827494551017,"unmatch","uwUF"
"961",0.6939193367695,"unmatch","uwUF"
"962",0.702156726451223,"unmatch","uwUF"
"963",0.699574715800411,"unmatch","uwUF"
"964",0.832630001378687,"unmatch","uwUF"
"965",0.822882532350194,"unmatch","uwUF"
"966",0.826298444016901,"unmatch","uwUF"
"967",0.746123175298943,"unmatch","uwUF"
"968",0.742783773975054,"unmatch","uwUF"
"969",0.735644136051704,"unmatch","uwUF"
"970",0.734196463050596,"unmatch","uwUF"
"971",0.745975326725804,"unmatch","uwUF"
"972",0.726847363000538,"unmatch","uwUF"
"973",0.745255105407137,"unmatch","uwUF"
"974",0.743823214211632,"unmatch","uwUF"
"975",0.749623658562757,"unmatch","uwUF"
"976",0.721350708288677,"unmatch","uwUF"
"977",0.696945360740378,"unmatch","uwUF"
"978",0.72929777881951,"unmatch","uwUF"
"979",0.760265957020382,"unmatch","uwUF"
"980",0.734536332170024,"unmatch","uwUF"
"981",0.74805350243073,"unmatch","uwUF"
"982",0.744238294409616,"unmatch","uwUF"
"983",0.77845554313763,"unmatch","uwUF"
"984",0.7319741407307,"unmatch","uwUF"
"985",0.701905795908703,"unmatch","uwUF"
"986",0.690296461749046,"unmatch","uwUF"
"987",0.700082547869723,"unmatch","uwUF"
"988",0.730353945091949,"unmatch","uwUF"
"989",0.723677627124967,"unmatch","uwUF"
"990",0.720944458736857,"unmatch","uwUF"
"991",0.66536282899837,"unmatch","uwUF"
"992",0.647768247285339,"unmatch","uwUF"
"993",0.633995995643241,"unmatch","uwUF"
"994",0.720198751087509,"unmatch","uwUF"
"995",0.711980218627709,"unmatch","uwUF"
"996",0.710663232486354,"unmatch","uwUF"
"997",0.677412963352851,"unmatch","uwUF"
"998",0.65219095716216,"unmatch","uwUF"
"999",0.651601523980191,"unmatch","uwUF"
"1000",0.653031079333252,"unmatch","uwUF"
"1001",0.660815600268051,"unmatch","uwUF"
"1002",0.69117358097664,"unmatch","uwUF"
"1003",0.703459173650254,"unmatch","uwUF"
"1004",0.744975116881234,"unmatch","uwUF"
"1005",0.721188082475604,"unmatch","uwUF"
"1006",0.80506063571988,"unmatch","uwUF"
"1007",0.801680937487274,"unmatch","uwUF"
"1008",0.793591215979224,"unmatch","uwUF"
"1009",0.719744756770038,"unmatch","uwUF"
"1010",0.732437765619807,"unmatch","uwUF"
"1011",0.704655468900952,"unmatch","uwUF"
"1012",0.743637846665993,"unmatch","uwUF"
"1013",0.753468637479746,"unmatch","uwUF"
"1014",0.757425775106062,"unmatch","uwUF"
"1015",0.690694461659586,"unmatch","uwUF"
"1016",0.693314534290985,"unmatch","uwUF"
"1017",0.704331881002789,"unmatch","uwUF"
"1018",0.75446137329665,"unmatch","uwUF"
"1019",0.746431409095477,"unmatch","uwUF"
"1020",0.747694768489099,"unmatch","uwUF"
"1021",0.699750088287464,"unmatch","uwUF"
"1022",0.722342271529501,"unmatch","uwUF"
"1023",0.707379069872682,"unmatch","uwUF"
"1024",0.732155169227707,"unmatch","uwUF"
"1025",0.753937998662233,"unmatch","uwUF"
"1026",0.751665689100015,"unmatch","uwUF"
"1027",0.80447554514903,"unmatch","uwUF"
"1028",0.807252563767273,"unmatch","uwUF"
"1029",0.797692854899679,"unmatch","uwUF"
"1030",0.696528155412944,"unmatch","uwUF"
"1031",0.688913208405357,"unmatch","uwUF"
"1032",0.705203306881685,"unmatch","uwUF"
"1033",0.7446024270679,"unmatch","uwUF"
"1034",0.734231388604506,"unmatch","uwUF"
"1035",0.74149545631573,"unmatch","uwUF"
"1036",0.680194761571745,"unmatch","uwUF"
"1037",0.665887671202385,"unmatch","uwUF"
"1038",0.69706172724486,"unmatch","uwUF"
"1039",0.722469915871343,"unmatch","uwUF"
"1040",0.71563995111712,"unmatch","uwUF"
"1041",0.731681484777555,"unmatch","uwUF"
"1042",0.721263670214623,"unmatch","uwUF"
"1043",0.748738667571108,"unmatch","uwUF"
"1044",0.717283547438982,"unmatch","uwUF"
"1045",0.718553860505435,"unmatch","uwUF"
"1046",0.730062505067272,"unmatch","uwUF"
"1047",0.719471045036668,"unmatch","uwUF"
"1048",0.765862676539562,"unmatch","uwUF"
"1049",0.761072308096611,"unmatch","uwUF"
"1050",0.75240609038723,"unmatch","uwUF"
"1051",0.73366330889923,"unmatch","uwUF"
"1052",0.735065118621191,"unmatch","uwUF"
"1053",0.724652586402206,"unmatch","uwUF"
"1054",0.7400434396387,"unmatch","uwUF"
"1055",0.72621773395706,"unmatch","uwUF"
"1056",0.723691130977579,"unmatch","uwUF"
"1057",0.703747683989464,"unmatch","uwUF"
"1058",0.680890273165217,"unmatch","uwUF"
"1059",0.69775365038943,"unmatch","uwUF"
"1060",0.711695422023054,"unmatch","uwUF"
"1061",0.660372844683906,"unmatch","uwUF"
"1062",0.6910332600871,"unmatch","uwUF"
"1063",0.707690866919746,"unmatch","uwUF"
"1064",0.744488282854913,"unmatch","uwUF"
"1065",0.706946704952999,"unmatch","uwUF"
"1066",0.718362487083013,"unmatch","uwUF"
"1067",0.731400514603374,"unmatch","uwUF"
"1068",0.725705643002731,"unmatch","uwUF"
"1069",0.811790853212601,"unmatch","uwUF"
"1070",0.812657767339275,"unmatch","uwUF"
"1071",0.80725696973192,"unmatch","uwUF"
"1072",0.732120570530672,"unmatch","uwUF"
"1073",0.728279185313914,"unmatch","uwUF"
"1074",0.735292032508475,"unmatch","uwUF"
"1075",0.720350392785574,"unmatch","uwUF"
"1076",0.712687065406773,"unmatch","uwUF"
"1077",0.704460926686219,"unmatch","uwUF"
"1078",0.740060711110531,"unmatch","uwUF"
"1079",0.741968703635046,"unmatch","uwUF"
"1080",0.749472367020396,"unmatch","uwUF"
"1081",0.724033988888792,"unmatch","uwUF"
"1082",0.692316554918949,"unmatch","uwUF"
"1083",0.713991136263076,"unmatch","uwUF"
"1084",0.670901654144066,"unmatch","uwUF"
"1085",0.703678562804888,"unmatch","uwUF"
"1086",0.690023990523932,"unmatch","uwUF"
"1087",0.717470792865352,"unmatch","uwUF"
"1088",0.717625697903733,"unmatch","uwUF"
"1089",0.704110308191443,"unmatch","uwUF"
"1090",0.718435816321294,"unmatch","uwUF"
"1091",0.717633038298507,"unmatch","uwUF"
"1092",0.719594447238068,"unmatch","uwUF"
"1093",0.70971049706677,"unmatch","uwUF"
"1094",0.70081542124833,"unmatch","uwUF"
"1095",0.688366967204197,"unmatch","uwUF"
"1096",0.686063198081778,"unmatch","uwUF"
"1097",0.671954435982895,"unmatch","uwUF"
"1098",0.661553631685926,"unmatch","uwUF"
"1099",0.645247453133833,"unmatch","uwUF"
"1100",0.616896538531385,"unmatch","uwUF"
"1101",0.632345614203809,"unmatch","uwUF"
"1102",0.649827214618245,"unmatch","uwUF"
"1103",0.631975307703942,"unmatch","uwUF"
"1104",0.654320403771457,"unmatch","uwUF"
"1105",0.667694562143496,"unmatch","uwUF"
"1106",0.718090627809142,"unmatch","uwUF"
"1107",0.685282822850331,"unmatch","uwUF"
"1108",0.673994135313018,"unmatch","uwUF"
"1109",0.644004272510157,"unmatch","uwUF"
"1110",0.645608759634483,"unmatch","uwUF"
"1111",0.770770842860227,"unmatch","uwUF"
"1112",0.763056268870208,"unmatch","uwUF"
"1113",0.758867564387477,"unmatch","uwUF"
"1114",0.680203896456786,"unmatch","uwUF"
"1115",0.685309000906737,"unmatch","uwUF"
"1116",0.68700081668296,"unmatch","uwUF"
"1117",0.681731056535742,"unmatch","uwUF"
"1118",0.66361264520791,"unmatch","uwUF"
"1119",0.667446793216217,"unmatch","uwUF"
"1120",0.709695471336601,"unmatch","uwUF"
"1121",0.707554484216012,"unmatch","uwUF"
"1122",0.710693962907956,"unmatch","uwUF"
"1123",0.631044715184897,"unmatch","uwUF"
"1124",0.623248041959497,"unmatch","uwUF"
"1125",0.639940176741251,"unmatch","uwUF"
"1126",0.714152195990569,"unmatch","uwUF"
"1127",0.71338762549493,"unmatch","uwUF"
"1128",0.720720842460893,"unmatch","uwUF"
"1129",0.696737141563815,"unmatch","uwUF"
"1130",0.697102569185257,"unmatch","uwUF"
"1131",0.700648304787318,"unmatch","uwUF"
"1132",0.833671016207791,"unmatch","uwUF"
"1133",0.827763043144334,"unmatch","uwUF"
"1134",0.817644555675084,"unmatch","uwUF"
"1135",0.766520102699734,"unmatch","uwUF"
"1136",0.763207544440486,"unmatch","uwUF"
"1137",0.75796593106246,"unmatch","uwUF"
"1138",0.747397391417814,"unmatch","uwUF"
"1139",0.746602073870319,"unmatch","uwUF"
"1140",0.744565154319973,"unmatch","uwUF"
"1141",0.755839232528224,"unmatch","uwUF"
"1142",0.745192087898184,"unmatch","uwUF"
"1143",0.75920816117323,"unmatch","uwUF"
"1144",0.713722409451171,"unmatch","uwUF"
"1145",0.699109120933713,"unmatch","uwUF"
"1146",0.722205608034608,"unmatch","uwUF"
"1147",0.771912012546402,"unmatch","uwUF"
"1148",0.7621596440315,"unmatch","uwUF"
"1149",0.768273679068783,"unmatch","uwUF"
"1150",0.712957819665638,"unmatch","uwUF"
"1151",0.75563693095298,"unmatch","uwUF"
"1152",0.719597476328969,"unmatch","uwUF"
"1153",0.200187639716483,"match","wUF"
"1154",0.211020644279094,"match","wUF"
"1155",0.218500054355577,"match","wUF"
"1156",0.350189888539642,"match","wUF"
"1157",0.366894860219212,"match","wUF"
"1158",0.359080560809208,"match","wUF"
"1159",0.368323756132686,"match","wUF"
"1160",0.374301260662934,"match","wUF"
"1161",0.36671220179152,"match","wUF"
"1162",0.237902837631245,"match","wUF"
"1163",0.245120234801569,"match","wUF"
"1164",0.230017378145826,"match","wUF"
"1165",0.407406528583174,"match","wUF"
"1166",0.428716171887519,"match","wUF"
"1167",0.419077951810951,"match","wUF"
"1168",0.269452911873095,"match","wUF"
"1169",0.247798690820649,"match","wUF"
"1170",0.247580877623213,"match","wUF"
"1171",0.389164645445196,"match","wUF"
"1172",0.433969060240444,"match","wUF"
"1173",0.33815835342988,"match","wUF"
"1174",0.381437906882612,"match","wUF"
"1175",0.397714972643566,"match","wUF"
"1176",0.395453926401748,"match","wUF"
"1177",0.243534998812697,"match","wUF"
"1178",0.251251859073031,"match","wUF"
"1179",0.261360910976113,"match","wUF"
"1180",0.342809150053914,"match","wUF"
"1181",0.359530591103207,"match","wUF"
"1182",0.352853661757379,"match","wUF"
"1183",0.369217600254617,"match","wUF"
"1184",0.37781776736088,"match","wUF"
"1185",0.368496793863883,"match","wUF"
"1186",0.276659980236449,"match","wUF"
"1187",0.283772481386816,"match","wUF"
"1188",0.272896476419851,"match","wUF"
"1189",0.410614187030134,"match","wUF"
"1190",0.429121006316629,"match","wUF"
"1191",0.421657257959428,"match","wUF"
"1192",0.253257767392084,"match","wUF"
"1193",0.231845004476405,"match","wUF"
"1194",0.231161902002917,"match","wUF"
"1195",0.363093268423101,"match","wUF"
"1196",0.407771968693734,"match","wUF"
"1197",0.321442987002071,"match","wUF"
"1198",0.375488602737015,"match","wUF"
"1199",0.392433922279933,"match","wUF"
"1200",0.389979386879294,"match","wUF"
"1201",0.192985762308703,"unmatch","wUF"
"1202",0.195090735577817,"unmatch","wUF"
"1203",0.199785953857337,"unmatch","wUF"
"1204",0.250503692028603,"unmatch","wUF"
"1205",0.251314721954064,"unmatch","wUF"
"1206",0.246159796245722,"unmatch","wUF"
"1207",0.218477336379818,"unmatch","wUF"
"1208",0.215684493257127,"unmatch","wUF"
"1209",0.213580708670475,"unmatch","wUF"
"1210",0.261136335822243,"unmatch","wUF"
"1211",0.273277710534358,"unmatch","wUF"
"1212",0.236305711203493,"unmatch","wUF"
"1213",0.237718792557009,"unmatch","wUF"
"1214",0.232412618844696,"unmatch","wUF"
"1215",0.230898703869589,"unmatch","wUF"
"1216",0.234424713552522,"unmatch","wUF"
"1217",0.288439398684848,"unmatch","wUF"
"1218",0.290018332724515,"unmatch","wUF"
"1219",0.283014238320737,"unmatch","wUF"
"1220",0.251425494876839,"unmatch","wUF"
"1221",0.259418087679845,"unmatch","wUF"
"1222",0.44796961412389,"unmatch","wUF"
"1223",0.447092738497104,"unmatch","wUF"
"1224",0.453255409369386,"unmatch","wUF"
"1225",0.408476651529885,"unmatch","wUF"
"1226",0.41473533044757,"unmatch","wUF"
"1227",0.406822212632658,"unmatch","wUF"
"1228",0.422456411537696,"unmatch","wUF"
"1229",0.421752200163394,"unmatch","wUF"
"1230",0.402328533975655,"unmatch","wUF"
"1231",0.392964552906364,"unmatch","wUF"
"1232",0.418968019076358,"unmatch","wUF"
"1233",0.396613362623794,"unmatch","wUF"
"1234",0.433914342914869,"unmatch","wUF"
"1235",0.423497854725912,"unmatch","wUF"
"1236",0.420654271921997,"unmatch","wUF"
"1237",0.402261834117916,"unmatch","wUF"
"1238",0.463343407353317,"unmatch","wUF"
"1239",0.335781847859909,"unmatch","wUF"
"1240",0.403071136836933,"unmatch","wUF"
"1241",0.413163136074131,"unmatch","wUF"
"1242",0.411252827235198,"unmatch","wUF"
"1243",0.408719536759822,"unmatch","wUF"
"1244",0.413945424796071,"unmatch","wUF"
"1245",0.421640028997939,"unmatch","wUF"
"1246",0.321863571467866,"unmatch","wUF"
"1247",0.335459873157029,"unmatch","wUF"
"1248",0.329320648640702,"unmatch","wUF"
"1249",0.376196950160201,"unmatch","wUF"
"1250",0.374508994797496,"unmatch","wUF"
"1251",0.358887284868899,"unmatch","wUF"
"1252",0.375401237975592,"unmatch","wUF"
"1253",0.390556248992875,"unmatch","wUF"
"1254",0.364692297258233,"unmatch","wUF"
"1255",0.392114821283069,"unmatch","wUF"
"1256",0.380766270992812,"unmatch","wUF"
"1257",0.378759382202892,"unmatch","wUF"
"1258",0.366521919618977,"unmatch","wUF"
"1259",0.422143127528937,"unmatch","wUF"
"1260",0.308321237750321,"unmatch","wUF"
"1261",0.363604000049224,"unmatch","wUF"
"1262",0.37362541088746,"unmatch","wUF"
"1263",0.37022944494156,"unmatch","wUF"
"1264",0.325278198340779,"unmatch","wUF"
"1265",0.332164390126825,"unmatch","wUF"
"1266",0.337023014301027,"unmatch","wUF"
"1267",0.269371743881691,"unmatch","wUF"
"1268",0.269588358145844,"unmatch","wUF"
"1269",0.276988946007471,"unmatch","wUF"
"1270",0.219650389419116,"unmatch","wUF"
"1271",0.227198703250066,"unmatch","wUF"
"1272",0.220318800181681,"unmatch","wUF"
"1273",0.243911363310135,"unmatch","wUF"
"1274",0.246805861870445,"unmatch","wUF"
"1275",0.264616572009874,"unmatch","wUF"
"1276",0.257643336368451,"unmatch","wUF"
"1277",0.271888767364504,"unmatch","wUF"
"1278",0.251250031220492,"unmatch","wUF"
"1279",0.259198687142665,"unmatch","wUF"
"1280",0.272832162459002,"unmatch","wUF"
"1281",0.322688307565902,"unmatch","wUF"
"1282",0.246294897435106,"unmatch","wUF"
"1283",0.2217686350159,"unmatch","wUF"
"1284",0.222730226997015,"unmatch","wUF"
"1285",0.471155561304871,"unmatch","wUF"
"1286",0.473567605330711,"unmatch","wUF"
"1287",0.478142729015961,"unmatch","wUF"
"1288",0.390845160066233,"unmatch","wUF"
"1289",0.405205347891134,"unmatch","wUF"
"1290",0.400212087381911,"unmatch","wUF"
"1291",0.442087088165777,"unmatch","wUF"
"1292",0.446058539022617,"unmatch","wUF"
"1293",0.441576475636366,"unmatch","wUF"
"1294",0.451448847423871,"unmatch","wUF"
"1295",0.450871512471459,"unmatch","wUF"
"1296",0.435818183517106,"unmatch","wUF"
"1297",0.456750821475969,"unmatch","wUF"
"1298",0.448258551935342,"unmatch","wUF"
"1299",0.444349895005126,"unmatch","wUF"
"1300",0.41838963444762,"unmatch","wUF"
"1301",0.467181859786363,"unmatch","wUF"
"1302",0.367885433214216,"unmatch","wUF"
"1303",0.430530751219537,"unmatch","wUF"
"1304",0.435865072575328,"unmatch","wUF"
"1305",0.433921837072669,"unmatch","wUF"
"1306",0.338022684408901,"unmatch","wUF"
"1307",0.344748008323349,"unmatch","wUF"
"1308",0.355953958955866,"unmatch","wUF"
"1309",0.244625998594767,"unmatch","wUF"
"1310",0.248745813041293,"unmatch","wUF"
"1311",0.243905594428671,"unmatch","wUF"
"1312",0.31163547869934,"unmatch","wUF"
"1313",0.314273779919961,"unmatch","wUF"
"1314",0.309958388759569,"unmatch","wUF"
"1315",0.303348224124168,"unmatch","wUF"
"1316",0.298724837246719,"unmatch","wUF"
"1317",0.280200164903962,"unmatch","wUF"
"1318",0.338941153511882,"unmatch","wUF"
"1319",0.354598264583508,"unmatch","wUF"
"1320",0.290159727052328,"unmatch","wUF"
"1321",0.296303479011224,"unmatch","wUF"
"1322",0.381907589218484,"unmatch","wUF"
"1323",0.216020336428115,"unmatch","wUF"
"1324",0.289475618817329,"unmatch","wUF"
"1325",0.2941440181508,"unmatch","wUF"
"1326",0.290385987877822,"unmatch","wUF"
"1327",0.458858020778099,"unmatch","wUF"
"1328",0.459944367661446,"unmatch","wUF"
"1329",0.464592622230057,"unmatch","wUF"
"1330",0.365300711144927,"unmatch","wUF"
"1331",0.380076653261699,"unmatch","wUF"
"1332",0.377518175613128,"unmatch","wUF"
"1333",0.416411237312214,"unmatch","wUF"
"1334",0.420112883274178,"unmatch","wUF"
"1335",0.414857556920128,"unmatch","wUF"
"1336",0.426892630017234,"unmatch","wUF"
"1337",0.426030495164771,"unmatch","wUF"
"1338",0.412116877009823,"unmatch","wUF"
"1339",0.378332294325374,"unmatch","wUF"
"1340",0.401795601026463,"unmatch","wUF"
"1341",0.397324580454129,"unmatch","wUF"
"1342",0.434167241446984,"unmatch","wUF"
"1343",0.425592836858673,"unmatch","wUF"
"1344",0.422687972114708,"unmatch","wUF"
"1345",0.39826699681429,"unmatch","wUF"
"1346",0.409776969179382,"unmatch","wUF"
"1347",0.407116100293922,"unmatch","wUF"
"1348",0.447253868309672,"unmatch","wUF"
"1349",0.447109524496946,"unmatch","wUF"
"1350",0.454338113890799,"unmatch","wUF"
"1351",0.369536037223085,"unmatch","wUF"
"1352",0.380064304074118,"unmatch","wUF"
"1353",0.378442402387116,"unmatch","wUF"
"1354",0.412854031702504,"unmatch","wUF"
"1355",0.41821238004605,"unmatch","wUF"
"1356",0.409134573160186,"unmatch","wUF"
"1357",0.421898644063727,"unmatch","wUF"
"1358",0.420720385463023,"unmatch","wUF"
"1359",0.402866598179845,"unmatch","wUF"
"1360",0.410542720502192,"unmatch","wUF"
"1361",0.431388901966257,"unmatch","wUF"
"1362",0.395674955438148,"unmatch","wUF"
"1363",0.428445508263646,"unmatch","wUF"
"1364",0.418391883280524,"unmatch","wUF"
"1365",0.415132361656607,"unmatch","wUF"
"1366",0.398207554456368,"unmatch","wUF"
"1367",0.462816081179413,"unmatch","wUF"
"1368",0.345907385375603,"unmatch","wUF"
"1369",0.198503733440675,"unmatch","wUF"
"1370",0.203537109156467,"unmatch","wUF"
"1371",0.205817233237609,"unmatch","wUF"
"1372",0.26618424888275,"unmatch","wUF"
"1373",0.265431486055236,"unmatch","wUF"
"1374",0.260821616330161,"unmatch","wUF"
"1375",0.238612270420776,"unmatch","wUF"
"1376",0.234662448913093,"unmatch","wUF"
"1377",0.230139900466311,"unmatch","wUF"
"1378",0.295366339421036,"unmatch","wUF"
"1379",0.308299300346549,"unmatch","wUF"
"1380",0.252860795873515,"unmatch","wUF"
"1381",0.250662144926494,"unmatch","wUF"
"1382",0.241602369611261,"unmatch","wUF"
"1383",0.241102242020052,"unmatch","wUF"
"1384",0.255126198267563,"unmatch","wUF"
"1385",0.32243644747933,"unmatch","wUF"
"1386",0.263340860330768,"unmatch","wUF"
"1387",0.261394229614727,"unmatch","wUF"
"1388",0.255937706398519,"unmatch","wUF"
"1389",0.25199618335365,"unmatch","wUF"
"1390",0.44548582647534,"unmatch","wUF"
"1391",0.44327628790658,"unmatch","wUF"
"1392",0.450864712807479,"unmatch","wUF"
"1393",0.40336138953728,"unmatch","wUF"
"1394",0.409943543377235,"unmatch","wUF"
"1395",0.402091868097295,"unmatch","wUF"
"1396",0.417458113473073,"unmatch","wUF"
"1397",0.416690933587595,"unmatch","wUF"
"1398",0.398918852586358,"unmatch","wUF"
"1399",0.39138202656633,"unmatch","wUF"
"1400",0.418975046424543,"unmatch","wUF"
"1401",0.390925487861608,"unmatch","wUF"
"1402",0.426976878181082,"unmatch","wUF"
"1403",0.416604071232502,"unmatch","wUF"
"1404",0.414102989802716,"unmatch","wUF"
"1405",0.39794661625252,"unmatch","wUF"
"1406",0.462863800375619,"unmatch","wUF"
"1407",0.330765624648461,"unmatch","wUF"
"1408",0.396674117918631,"unmatch","wUF"
"1409",0.408115988132567,"unmatch","wUF"
"1410",0.406279077862925,"unmatch","wUF"
"1411",0.4176851373333,"unmatch","wUF"
"1412",0.42157543614674,"unmatch","wUF"
"1413",0.428990532426483,"unmatch","wUF"
"1414",0.326446044713726,"unmatch","wUF"
"1415",0.340059320528867,"unmatch","wUF"
"1416",0.333122195834103,"unmatch","wUF"
"1417",0.384522651605804,"unmatch","wUF"
"1418",0.381771203286645,"unmatch","wUF"
"1419",0.364714719462155,"unmatch","wUF"
"1420",0.387191623957769,"unmatch","wUF"
"1421",0.402389659482897,"unmatch","wUF"
"1422",0.367811322530177,"unmatch","wUF"
"1423",0.400634347555389,"unmatch","wUF"
"1424",0.386050087172036,"unmatch","wUF"
"1425",0.383963988874975,"unmatch","wUF"
"1426",0.38022481093285,"unmatch","wUF"
"1427",0.437530007493841,"unmatch","wUF"
"1428",0.309733959686494,"unmatch","wUF"
"1429",0.368219473973357,"unmatch","wUF"
"1430",0.383494425425043,"unmatch","wUF"
"1431",0.379364081901469,"unmatch","wUF"
"1432",0.358630549473872,"unmatch","wUF"
"1433",0.366096813676488,"unmatch","wUF"
"1434",0.370726570977353,"unmatch","wUF"
"1435",0.308019757639176,"unmatch","wUF"
"1436",0.307934415309875,"unmatch","wUF"
"1437",0.315056177318214,"unmatch","wUF"
"1438",0.253891996474465,"unmatch","wUF"
"1439",0.240627880679462,"unmatch","wUF"
"1440",0.248776247564594,"unmatch","wUF"
"1441",0.270679234993864,"unmatch","wUF"
"1442",0.266488828532881,"unmatch","wUF"
"1443",0.298051343485175,"unmatch","wUF"
"1444",0.290611530483563,"unmatch","wUF"
"1445",0.304018854272672,"unmatch","wUF"
"1446",0.283812454482491,"unmatch","wUF"
"1447",0.295990008869708,"unmatch","wUF"
"1448",0.306664995076937,"unmatch","wUF"
"1449",0.34852315366147,"unmatch","wUF"
"1450",0.246008928011432,"unmatch","wUF"
"1451",0.240992452972792,"unmatch","wUF"
"1452",0.232963185044874,"unmatch","wUF"
"1453",0.476231471200629,"unmatch","wUF"
"1454",0.480011653887507,"unmatch","wUF"
"1455",0.484410317083642,"unmatch","wUF"
"1456",0.398859974505282,"unmatch","wUF"
"1457",0.409575378840401,"unmatch","wUF"
"1458",0.405920713197609,"unmatch","wUF"
"1459",0.446264230926884,"unmatch","wUF"
"1460",0.448344248466897,"unmatch","wUF"
"1461",0.444606632878076,"unmatch","wUF"
"1462",0.454660377335679,"unmatch","wUF"
"1463",0.454251624728587,"unmatch","wUF"
"1464",0.439988504745189,"unmatch","wUF"
"1465",0.460022235662758,"unmatch","wUF"
"1466",0.450747406399282,"unmatch","wUF"
"1467",0.447956425007717,"unmatch","wUF"
"1468",0.420958897362026,"unmatch","wUF"
"1469",0.46661291040743,"unmatch","wUF"
"1470",0.377491634692295,"unmatch","wUF"
"1471",0.433657228498846,"unmatch","wUF"
"1472",0.439844002383218,"unmatch","wUF"
"1473",0.437223730563976,"unmatch","wUF"
"1474",0.324926472053059,"unmatch","wUF"
"1475",0.329611262619889,"unmatch","wUF"
"1476",0.340971319556786,"unmatch","wUF"
"1477",0.227894923987368,"unmatch","wUF"
"1478",0.232418387129495,"unmatch","wUF"
"1479",0.228610063948967,"unmatch","wUF"
"1480",0.294461714253079,"unmatch","wUF"
"1481",0.29691960188123,"unmatch","wUF"
"1482",0.293370082536733,"unmatch","wUF"
"1483",0.284887764566018,"unmatch","wUF"
"1484",0.280220955309094,"unmatch","wUF"
"1485",0.261969760754457,"unmatch","wUF"
"1486",0.325499263539747,"unmatch","wUF"
"1487",0.337536829450022,"unmatch","wUF"
"1488",0.274074380481683,"unmatch","wUF"
"1489",0.282938217621697,"unmatch","wUF"
"1490",0.363246501997528,"unmatch","wUF"
"1491",0.215469130545972,"unmatch","wUF"
"1492",0.276125063438021,"unmatch","wUF"
"1493",0.273341130842479,"unmatch","wUF"
"1494",0.269757147716455,"unmatch","wUF"
"1495",0.448259857220941,"unmatch","wUF"
"1496",0.449535643927623,"unmatch","wUF"
"1497",0.454357016057162,"unmatch","wUF"
"1498",0.351782821620155,"unmatch","wUF"
"1499",0.366145271982386,"unmatch","wUF"
"1500",0.366314100588874,"unmatch","wUF"
"1501",0.396587117806972,"unmatch","wUF"
"1502",0.400036416545229,"unmatch","wUF"
"1503",0.394899423093398,"unmatch","wUF"
"1504",0.403296736035895,"unmatch","wUF"
"1505",0.40219931355723,"unmatch","wUF"
"1506",0.389587308008858,"unmatch","wUF"
"1507",0.355465480137068,"unmatch","wUF"
"1508",0.376366206893274,"unmatch","wUF"
"1509",0.372775989598425,"unmatch","wUF"
"1510",0.411668295166679,"unmatch","wUF"
"1511",0.403497611950803,"unmatch","wUF"
"1512",0.400909150591087,"unmatch","wUF"
"1513",0.375551618673566,"unmatch","wUF"
"1514",0.385401232420042,"unmatch","wUF"
"1515",0.382913355631228,"unmatch","wUF"
"1516",0.444011730715524,"unmatch","wUF"
"1517",0.445619329911486,"unmatch","wUF"
"1518",0.452773565693808,"unmatch","wUF"
"1519",0.363181571857923,"unmatch","wUF"
"1520",0.373842000951147,"unmatch","wUF"
"1521",0.372494687360939,"unmatch","wUF"
"1522",0.410000623452551,"unmatch","wUF"
"1523",0.413728962530516,"unmatch","wUF"
"1524",0.405069510253788,"unmatch","wUF"
"1525",0.415382323837126,"unmatch","wUF"
"1526",0.413583854200767,"unmatch","wUF"
"1527",0.396612203909282,"unmatch","wUF"
"1528",0.405555066585425,"unmatch","wUF"
"1529",0.423783210793322,"unmatch","wUF"
"1530",0.392014891651552,"unmatch","wUF"
"1531",0.424668271222655,"unmatch","wUF"
"1532",0.4141081640621,"unmatch","wUF"
"1533",0.411753128491686,"unmatch","wUF"
"1534",0.391379754252352,"unmatch","wUF"
"1535",0.451743946595112,"unmatch","wUF"
"1536",0.341991863848643,"unmatch","wUF"
